{"cameraMode":{"drawMode":0,"name":"Shaded","section":"Shading Mode"},"sceneLighting":false,"audioPlay":false,"sceneViewState":{"showFog":true,"showMaterialUpdate":false,"showSkybox":false,"showFlares":true,"showImageEffects":true,"showParticleSystems":true},"in2DMode":false,"pivot":{"x":-9.140000343322754,"y":1.809999942779541,"z":0.0},"rotation":{"x":0.04917049780488014,"y":0.003593101631850004,"z":0.00017635863332543522,"w":-0.9987921118736267},"size":2.5859506130218508,"orthographic":false}