{"cameraMode":{"drawMode":0,"name":"Shaded","section":"Shading Mode"},"sceneLighting":false,"audioPlay":false,"sceneViewState":{"showFog":true,"showMaterialUpdate":false,"showSkybox":false,"showFlares":true,"showImageEffects":true,"showParticleSystems":true},"in2DMode":false,"pivot":{"x":-2.5812289714813234,"y":0.17324763536453248,"z":1.790802001953125},"rotation":{"x":-0.16916316747665406,"y":0.27873116731643679,"z":-0.04994695633649826,"w":-0.944037139415741},"size":14.004603385925293,"orthographic":false}